"TITULO","DESCRIPCION","DESC_ABREVIADA"
1,"ACTRIZ","ACTR"
2,"ALFEREZ","ALF"
3,"AGRIMENSOR","AGR"
4,"ALMIRANTE","ALM"
5,"ARQUITECTO","ARQ"
6,"CAPITAN","CAP"
7,"CAPITAN DE NAVIO","CAP NAV"
8,"COMODORO","CDRO"
9,"COMANDANTE","CDTE"
10,"CORONEL","CNEL"
11,"CONTADOR","CR"
12,"DOCTOR","DR"
13,"DOCTORA","DRA"
14,"DUQUE","DUQ"
15,"EDIL","EDIL"
16,"ESCRIBANO","ESC"
17,"FRAY","FRAY"
18,"GOBERNADOR","GDOR"
19,"GENERAL","GRAL"
20,"GENERAL ESCRIBANO","GRAL ESC"
21,"INGENIERO","ING"
22,"INGENIERO AGRONOMO","ING AGR"
23,"INTENDENTE MUNICIPAL","INT MPAL"
24,"LIBERTADOR BRIGADIER GENERAL","LIB BRIG GRAL"
25,"LORD","LORD"
26,"MARISCAL","MCAL"
27,"MADRE","MDRE"
28,"MONSEÑOR","MONS"
29,"MAESTRA","MTRA"
30,"MAESTRO","MTRO"
31,"MAYOR","MYOR"
32,"PRESBITERO","PBRO"
33,"PADRE","PDRE"
34,"PROFESOR","PROF"
35,"PROFESOR DOCTOR","PROF DR"
36,"PRESIDENTE","PTE"
37,"PRESIDENTE GENERAL","PTE GRAL"
38,"PRESIDENTE INGENIERO","PTE ING"
39,"TENIENTE","TTE"
40,"TENIENTE CORONEL","TTE CNEL"
41,"TENIENTE GENERAL","TTE GRAL"
42,"TENIENTE DE NAVIO","TTE NAV"
43,"GENERAL AVIADOR","GRAL AV"
44,"GENERAL ARQUITECTO","GRAL ARQ"
45,"CORONEL AVIADOR","CNEL AV"
46,"BRIGADIER GENERAL","BRIG GRAL"
47,"PROFESOR EMERITO","PROF EMERITO"
